<?xml version="1.0" encoding="UTF-8"?>
<project-private xmlns="http://www.netbeans.org/ns/project-private/1">
    <editor-bookmarks xmlns="http://www.netbeans.org/ns/editor-bookmarks/2" lastBookmarkId="0"/>
    <open-files xmlns="http://www.netbeans.org/ns/projectui-open-files/2">
        <group>
            <file>file:/C:/Users/Usuario/Documents/NetBeansProjects/Hotel/src/hotel/Habitaciones.java</file>
            <file>file:/C:/Users/Usuario/Documents/NetBeansProjects/Hotel/src/hotel/HabFamiliar.java</file>
            <file>file:/C:/Users/Usuario/Documents/NetBeansProjects/Hotel/src/hotel/Persona.java</file>
            <file>file:/C:/Users/Usuario/Documents/NetBeansProjects/Hotel/src/hotel/Hotel.java</file>
            <file>file:/C:/Users/Usuario/Documents/NetBeansProjects/Hotel/src/hotel/Adultos.java</file>
            <file>file:/C:/Users/Usuario/Documents/NetBeansProjects/Hotel/src/hotel/Niños.java</file>
            <file>file:/C:/Users/Usuario/Documents/NetBeansProjects/Hotel/src/hotel/HabMatrimonial.java</file>
            <file>file:/C:/Users/Usuario/Documents/NetBeansProjects/Hotel/src/hotel/HabSuite.java</file>
        </group>
    </open-files>
</project-private>
